resnum_mature,native_1ict_tetramer_mean,native_1ict_tetramer_sd,6SDZ_V30M_fibril_mean,6SDZ_V30M_fibril_sd,8ADE_ATTRwt_fibril_mean,8ADE_ATTRwt_fibril_sd
5,,,,,,
6,,,,,,
7,,,,,,
8,,,,,,
9,,,,,,
10,0.445,0.056,,,,
11,0.055,0.03,0.576,0.102,0.551,0.125
12,0.014,0.01,0.058,0.112,0.069,0.107
13,0.177,0.034,0.252,0.082,0.353,0.104
14,0.008,0.002,0.05,0.095,0.07,0.099
15,0.082,0.043,0.244,0.089,0.259,0.104
16,0.0,0.0,0.034,0.073,0.062,0.098
17,0.035,0.023,0.047,0.095,0.061,0.106
18,0.012,0.006,0.174,0.09,0.188,0.113
19,0.007,0.004,0.375,0.098,0.341,0.125
20,0.125,0.059,0.062,0.101,0.106,0.115
21,0.336,0.052,0.451,0.091,0.502,0.108
22,0.009,0.009,0.213,0.088,0.263,0.121
23,0.163,0.01,0.086,0.117,0.075,0.125
24,0.126,0.03,0.042,0.09,0.072,0.099
25,0.0,0.0,0.032,0.069,0.043,0.068
26,0.315,0.094,0.044,0.09,0.063,0.096
27,0.459,0.04,0.041,0.089,0.059,0.094
28,0.004,0.004,0.038,0.092,0.056,0.125
29,0.202,0.069,0.108,0.121,0.128,0.14
30,0.0,0.0,0.101,0.121,0.078,0.13
31,0.337,0.04,0.136,0.083,0.149,0.104
32,0.011,0.005,0.072,0.143,0.069,0.147
33,0.185,0.017,0.133,0.091,0.125,0.108
34,0.246,0.04,0.236,0.114,0.247,0.113
35,0.276,0.032,0.425,0.084,0.447,0.111
36,0.202,0.012,,,,
37,0.796,0.033,,,,
38,0.663,0.038,,,,
39,0.557,0.047,,,,
40,0.424,0.055,,,,
41,0.306,0.012,,,,
42,0.351,0.024,,,,
43,0.649,0.024,,,,
44,0.191,0.023,,,,
45,0.13,0.023,,,,
46,0.511,0.046,,,,
47,0.236,0.021,,,,
48,0.535,0.028,,,,
49,0.027,0.01,,,,
50,0.267,0.035,,,,
51,0.679,0.069,,,,
52,0.352,0.06,,,,
53,0.0,0.0,,,,
54,0.189,0.04,,,,
55,0.075,0.024,,,,
56,0.487,0.047,,,,
57,0.6,0.03,0.539,0.127,0.562,0.115
58,0.094,0.025,0.075,0.128,0.106,0.175
59,0.1,0.016,0.176,0.105,0.214,0.101
