mutation,ddG
A25T,1.7846097946166992
A81V,0.4700049757957458
L55Q,2.76062536239624
E61K,0.9025669693946838
Y69I,3.492269515991211
S52P,1.9392993450164795
E54L,0.6732536554336548
G47R,2.8716578483581543
R104C,0.5862884521484375
L111M,0.4877078533172607
R34T,2.3354239463806152
Y114H,0.3773754835128784
S23N,0.4858467578887939
A109T,0.1656434535980224
D18G,2.6338698863983154
T49S,1.4130699634552002
F64I,2.1207990646362305
H88R,0.8105928301811218
L58H,2.311081886291504
Y114C,-0.0449144840240478
F33L,0.8779100179672241
E51G,0.5441046953201294
I73V,1.0219169855117798
D74H,0.999217927455902
G57R,0.9058237075805664
F64L,1.7536003589630127
E54Q,0.5956429839134216
A81T,0.4257016777992248
E72G,1.3940980434417725
A36D,0.6636729836463928
V122I,-0.1293926239013672
T60A,1.507113695144653
T59K,1.8449126482009888
E42G,1.5475411415100098
F44S,2.6609389781951904
T49I,1.7517471313476562
S77F,0.5321503281593323
A97S,2.1004621982574463
R103S,1.0934507846832275
P113T,1.5244908332824707
E89K,0.6090737581253052
V28M,0.5978038311004639
G47V,2.316964864730835
A25S,1.6635422706604004
H90D,1.809630036354065
F33I,1.2486754655838013
R21Q,0.6873326897621155
I107V,0.9056782722473145
I68L,0.3804064989089966
P125S,0.9394513368606568
R34G,3.004493236541748
H56R,-0.0502794981002807
D38V,2.087364673614502
E54G,1.483003854751587
I84S,1.4850834608078003
L55R,2.761802673339844
M13I,0.2149430513381958
E54D,1.1677981615066528
V30G,2.823039293289185
T59R,1.7953087091445925
G53R,2.9411754608154297
I107F,2.181516647338867
V20I,-0.0161660909652709
C10R,0.8371524810791016
P24S,0.8909013867378235
A45D,1.8010748624801636
L58R,2.563509225845337
S50R,0.6468285322189331
D18N,1.2925262451171875
K70N,2.331514835357666
T49P,2.135783195495605
G53A,2.3773417472839355
P102R,0.7660765051841736
S50I,1.1880252361297607
Y116S,2.196320056915283
I107M,2.054765224456787
K35T,1.8582665920257568
S112I,0.5450983643531799
V122A,1.4290008544921875
G67E,3.341909646987915
F44Y,0.8307089805603027
I84N,1.5208009481430054
G67R,2.850037097930908
V30A,2.168245315551758
K35N,2.5522375106811523
A109V,-1.3823504447937012
E61G,0.9707194566726683
G47A,2.2834174633026123
V94A,1.7541967630386353
L55P,2.4183623790740967
A25S,1.6635422706604004
G83R,1.320329189300537
S77Y,0.5061550140380859
T119M,0.1327560544013977
G47E,2.93086838722229
G101S,1.5078097581863403
A91S,0.7061558365821838
A109S,0.8294715881347656
V28S,2.181113243103028
L12P,2.7038259506225586
T49A,2.2075445652008057
E42D,0.3622130155563354
E92K,1.0915530920028689
D38A,1.4923406839370728
I84T,1.1469712257385254
A120S,0.3788893818855285
A19D,0.7033966779708862
V30M,1.6882822513580322
Y78F,1.05002760887146
A45T,0.0869307518005371
E89Q,0.3883827328681946
V32G,2.9747300148010254
D18E,2.268135070800781
F64S,2.7238173484802246
F33V,1.42177414894104
Y114S,0.6410574316978455
F33C,1.1000051498413086
D39V,2.057548999786377
E62K,0.3828016519546509
Y69H,2.795790195465088
A45G,0.9739842414855956
A97G,1.6452977657318115
E54K,1.209542751312256
W41L,2.280728578567505
A36P,1.385444402694702
V71A,2.495110034942627
V93M,0.8834623098373413
R104H,0.52170729637146
V32A,2.3753530979156494
G53E,3.197601079940796
V30L,1.0825868844985962
H90N,0.40945565700531
F44L,1.586339235305786
